sample	alignments_bam	alignments_bam_md5	snp_genotypes_vcf	snp_genotypes_vcf_md5	snp_genotypes_zarr	snp_genotypes_zarr_md5	pipeline_version
AR0001-C	https://vo_agam_output.cog.sanger.ac.uk/AR0001-C.bam	34b9e0aa7f48b08f2cce393e94d7ffd5	https://vo_agam_output.cog.sanger.ac.uk/AR0001-C.vcf.gz	a43f2f836ea6dfc73f6a66f4de858484	https://vo_agam_output.cog.sanger.ac.uk/AR0001-C.gatk.zarr.zip	5afbe24bcef72bb8b505e9b3533196a6	https://github.com/malariagen/pipelines/releases/tag/Ag3.0
AR0002-C	https://vo_agam_output.cog.sanger.ac.uk/AR0002-C.bam	50e3259364b761a64b019948cc8bfbcd	https://vo_agam_output.cog.sanger.ac.uk/AR0002-C.vcf.gz	837999991a46a0aef6024706d8673337	https://vo_agam_output.cog.sanger.ac.uk/AR0002-C.gatk.zarr.zip	2710b2b38b59f5e234c270053d4adeb8	https://github.com/malariagen/pipelines/releases/tag/Ag3.0
AR0003-C	https://vo_agam_output.cog.sanger.ac.uk/AR0003-C.bam	8a1b88c4700addb94147aa20ab5d668f	https://vo_agam_output.cog.sanger.ac.uk/AR0003-C.vcf.gz	bb0a41170dd38a69180fc289efea5dff	https://vo_agam_output.cog.sanger.ac.uk/AR0003-C.gatk.zarr.zip	e9bf694ce2b2fe8d5f3cae5826851966	https://github.com/malariagen/pipelines/releases/tag/Ag3.0
AR0004-C	https://vo_agam_output.cog.sanger.ac.uk/AR0004-C.bam	ad4ba68f822287a8f517fabab807a38f	https://vo_agam_output.cog.sanger.ac.uk/AR0004-C.vcf.gz	2ae005f73ce86533b6ed21dbe01df82c	https://vo_agam_output.cog.sanger.ac.uk/AR0004-C.gatk.zarr.zip	b3eb496504517d565f3f359f0fc199c7	https://github.com/malariagen/pipelines/releases/tag/Ag3.0
AR0004-Cx	https://vo_agam_output.cog.sanger.ac.uk/AR0004-Cx.bam	9414330271651ccbcdeb586d15c6f3f8	https://vo_agam_output.cog.sanger.ac.uk/AR0004-Cx.vcf.gz	3a492a779278520ee3e77b17b468514a	https://vo_agam_output.cog.sanger.ac.uk/AR0004-Cx.gatk.zarr.zip	1c067429981b2528b36aaaca368b1348	https://github.com/malariagen/pipelines/releases/tag/Ag3.0
AR0004-Cx	https://vo_agam_output.cog.sanger.ac.uk/AR0004-Cx.bam	9414330271651ccbcdeb586d15c6f3f8	https://vo_agam_output.cog.sanger.ac.uk/AR0004-Cx.vcf.gz	3a492a779278520ee3e77b17b468514a	https://vo_agam_output.cog.sanger.ac.uk/AR0004-Cx.gatk.zarr.zip	1c067429981b2528b36aaaca368b1348	https://github.com/malariagen/pipelines/releases/tag/Ag3.0
AR0005-C	https://vo_agam_output.cog.sanger.ac.uk/AR0005-C.bam	2b5611e6fdf3871b591d58c584c595c1	https://vo_agam_output.cog.sanger.ac.uk/AR0005-C.vcf.gz	a7208fbc68bb7cfabfb1d7454ac9a248	https://vo_agam_output.cog.sanger.ac.uk/AR0005-C.gatk.zarr.zip	47c3c51ed5018bd5710c6b885f0db996	https://github.com/malariagen/pipelines/releases/tag/Ag3.0
AR0006-C	https://vo_agam_output.cog.sanger.ac.uk/AR0006-C.bam	02048669f28c542d7486eb4f52acc447	https://vo_agam_output.cog.sanger.ac.uk/AR0006-C.vcf.gz	13527e9a4b649c69acd036f3904714a3	https://vo_agam_output.cog.sanger.ac.uk/AR0006-C.gatk.zarr.zip	f8a47ed8dc74e9aece44e3c3e9b99ae3	https://github.com/malariagen/pipelines/releases/tag/Ag3.0
AR0007-C	https://vo_agam_output.cog.sanger.ac.uk/AR0007-C.bam	ea18855e1c67b5848a15d9aebd4886ef	https://vo_agam_output.cog.sanger.ac.uk/AR0007-C.vcf.gz	0765d752ab1dc7412bd7d9a95b220b1d	https://vo_agam_output.cog.sanger.ac.uk/AR0007-C.gatk.zarr.zip	8fffa95a350e19b5d4b4379e0720d4c4	https://github.com/malariagen/pipelines/releases/tag/Ag3.0
AR0008-C	https://vo_agam_output.cog.sanger.ac.uk/AR0008-C.bam	35739a5676b113bbba5ecb60a8fa5098	https://vo_agam_output.cog.sanger.ac.uk/AR0008-C.vcf.gz	9e2006bbd9ed2e009b47549af36662c5	https://vo_agam_output.cog.sanger.ac.uk/AR0008-C.gatk.zarr.zip	1f1243dcc96b3df786a623f9736cf11b	https://github.com/malariagen/pipelines/releases/tag/Ag3.0
AR0008-Cx	https://vo_agam_output.cog.sanger.ac.uk/AR0008-Cx.bam	7cc3587c5a3bc7da270c3476f63ae21f	https://vo_agam_output.cog.sanger.ac.uk/AR0008-Cx.vcf.gz	c9b263d4ae76e4dde6a07b908798f616	https://vo_agam_output.cog.sanger.ac.uk/AR0008-Cx.gatk.zarr.zip	d29619ae4d9c30948cc0e60dd95fc0c0	https://github.com/malariagen/pipelines/releases/tag/Ag3.0
AR0008-Cx	https://vo_agam_output.cog.sanger.ac.uk/AR0008-Cx.bam	7cc3587c5a3bc7da270c3476f63ae21f	https://vo_agam_output.cog.sanger.ac.uk/AR0008-Cx.vcf.gz	c9b263d4ae76e4dde6a07b908798f616	https://vo_agam_output.cog.sanger.ac.uk/AR0008-Cx.gatk.zarr.zip	d29619ae4d9c30948cc0e60dd95fc0c0	https://github.com/malariagen/pipelines/releases/tag/Ag3.0
AR0009-C	https://vo_agam_output.cog.sanger.ac.uk/AR0009-C.bam	f3e8247292256203dad7402a8f0ed6f7	https://vo_agam_output.cog.sanger.ac.uk/AR0009-C.vcf.gz	9bf597464382384148b9de5f5c4272ea	https://vo_agam_output.cog.sanger.ac.uk/AR0009-C.gatk.zarr.zip	b3fd4fe4e57ad326b025abae586fc631	https://github.com/malariagen/pipelines/releases/tag/Ag3.0
AR0010-C	https://vo_agam_output.cog.sanger.ac.uk/AR0010-C.bam	1754edba9ba7346a2ca72677d0269a5b	https://vo_agam_output.cog.sanger.ac.uk/AR0010-C.vcf.gz	143800bdaaa55f675dd090ccc78a8c4c	https://vo_agam_output.cog.sanger.ac.uk/AR0010-C.gatk.zarr.zip	7bab4e4009dc28874a364b13d1dae3a6	https://github.com/malariagen/pipelines/releases/tag/Ag3.0
AR0010-Cx	https://vo_agam_output.cog.sanger.ac.uk/AR0010-Cx.bam	8e473041ae0fa84c2f5edb0db1311173	https://vo_agam_output.cog.sanger.ac.uk/AR0010-Cx.vcf.gz	7eec87b3d8bc6720eccc6a2238a9e551	https://vo_agam_output.cog.sanger.ac.uk/AR0010-Cx.gatk.zarr.zip	da939bf47ee802283e3dd4f4a13a8253	https://github.com/malariagen/pipelines/releases/tag/Ag3.0
AR0010-Cx	https://vo_agam_output.cog.sanger.ac.uk/AR0010-Cx.bam	8e473041ae0fa84c2f5edb0db1311173	https://vo_agam_output.cog.sanger.ac.uk/AR0010-Cx.vcf.gz	7eec87b3d8bc6720eccc6a2238a9e551	https://vo_agam_output.cog.sanger.ac.uk/AR0010-Cx.gatk.zarr.zip	da939bf47ee802283e3dd4f4a13a8253	https://github.com/malariagen/pipelines/releases/tag/Ag3.0
AR0011-C	https://vo_agam_output.cog.sanger.ac.uk/AR0011-C.bam	ee1a0e62216ee27282e1126f7a1bedad	https://vo_agam_output.cog.sanger.ac.uk/AR0011-C.vcf.gz	a216a078c130a10dc8cd96f5473c52f4	https://vo_agam_output.cog.sanger.ac.uk/AR0011-C.gatk.zarr.zip	341cd85c4e6e70f651eebd90b8912c8f	https://github.com/malariagen/pipelines/releases/tag/Ag3.0
AR0012-C	https://vo_agam_output.cog.sanger.ac.uk/AR0012-C.bam	b8b7b788a3d8ecd7c7fca7cda9e952d7	https://vo_agam_output.cog.sanger.ac.uk/AR0012-C.vcf.gz	b8d5dba7459ad487df21e13071d1c287	https://vo_agam_output.cog.sanger.ac.uk/AR0012-C.gatk.zarr.zip	f52e06a7bbb04f6876f7ae4f3571ba52	https://github.com/malariagen/pipelines/releases/tag/Ag3.0
AR0013-C	https://vo_agam_output.cog.sanger.ac.uk/AR0013-C.bam	4b9e3704b3c88c2826e3834254be79f7	https://vo_agam_output.cog.sanger.ac.uk/AR0013-C.vcf.gz	c381f132c14b4ccbca04583fab61c286	https://vo_agam_output.cog.sanger.ac.uk/AR0013-C.gatk.zarr.zip	c4a5e5027514b564cadc29302882ef69	https://github.com/malariagen/pipelines/releases/tag/Ag3.0
AR0013-Cx	https://vo_agam_output.cog.sanger.ac.uk/AR0013-Cx.bam	3ec2457474e62ee3bb39eec5dff12cf4	https://vo_agam_output.cog.sanger.ac.uk/AR0013-Cx.vcf.gz	bbca3b0dcde729e456ba463bcbb71d28	https://vo_agam_output.cog.sanger.ac.uk/AR0013-Cx.gatk.zarr.zip	1136a4f2c5a7ccbcc42a4f33623ceb3a	https://github.com/malariagen/pipelines/releases/tag/Ag3.0
AR0013-Cx	https://vo_agam_output.cog.sanger.ac.uk/AR0013-Cx.bam	3ec2457474e62ee3bb39eec5dff12cf4	https://vo_agam_output.cog.sanger.ac.uk/AR0013-Cx.vcf.gz	bbca3b0dcde729e456ba463bcbb71d28	https://vo_agam_output.cog.sanger.ac.uk/AR0013-Cx.gatk.zarr.zip	1136a4f2c5a7ccbcc42a4f33623ceb3a	https://github.com/malariagen/pipelines/releases/tag/Ag3.0
AR0014-C	https://vo_agam_output.cog.sanger.ac.uk/AR0014-C.bam	3e8fe1e66d1a6e1884048119f740d51e	https://vo_agam_output.cog.sanger.ac.uk/AR0014-C.vcf.gz	33dec2a5a75b615c2aa0e398ffbf4d7f	https://vo_agam_output.cog.sanger.ac.uk/AR0014-C.gatk.zarr.zip	5c7938c24f2413a40ed37a77b15e6f7b	https://github.com/malariagen/pipelines/releases/tag/Ag3.0
AR0014-Cx	https://vo_agam_output.cog.sanger.ac.uk/AR0014-Cx.bam	4b33efb92464a16c6a3d23f0a93a41ca	https://vo_agam_output.cog.sanger.ac.uk/AR0014-Cx.vcf.gz	12ff0f05e3f2e56e29e9165582b085e1	https://vo_agam_output.cog.sanger.ac.uk/AR0014-Cx.gatk.zarr.zip	a709938e6886a697fe294ffebe39281b	https://github.com/malariagen/pipelines/releases/tag/Ag3.0
AR0014-Cx	https://vo_agam_output.cog.sanger.ac.uk/AR0014-Cx.bam	4b33efb92464a16c6a3d23f0a93a41ca	https://vo_agam_output.cog.sanger.ac.uk/AR0014-Cx.vcf.gz	12ff0f05e3f2e56e29e9165582b085e1	https://vo_agam_output.cog.sanger.ac.uk/AR0014-Cx.gatk.zarr.zip	a709938e6886a697fe294ffebe39281b	https://github.com/malariagen/pipelines/releases/tag/Ag3.0
AR0015-C	https://vo_agam_output.cog.sanger.ac.uk/AR0015-C.bam	4871a4309177c498802aa4033a520b27	https://vo_agam_output.cog.sanger.ac.uk/AR0015-C.vcf.gz	f0f909d8496e146e41cd54f55024fd0c	https://vo_agam_output.cog.sanger.ac.uk/AR0015-C.gatk.zarr.zip	a3f1ca1a0c50b8393555a77dd807103c	https://github.com/malariagen/pipelines/releases/tag/Ag3.0
AR0016-C	https://vo_agam_output.cog.sanger.ac.uk/AR0016-C.bam	b4c0c4ac696c55a843a21696cf38b0a9	https://vo_agam_output.cog.sanger.ac.uk/AR0016-C.vcf.gz	34117162a3f39dd69ac7b3902d476215	https://vo_agam_output.cog.sanger.ac.uk/AR0016-C.gatk.zarr.zip	01d75a14c55e948ddfe9bcc10acea97d	https://github.com/malariagen/pipelines/releases/tag/Ag3.0
AR0016-Cx	https://vo_agam_output.cog.sanger.ac.uk/AR0016-Cx.bam	b6b3651834ba66a7f1410d8c9f7b3bd8	https://vo_agam_output.cog.sanger.ac.uk/AR0016-Cx.vcf.gz	c664a019cca194a5603a6af8d3bf6bce	https://vo_agam_output.cog.sanger.ac.uk/AR0016-Cx.gatk.zarr.zip	e338c564b1b0a4e76c1245807abc6490	https://github.com/malariagen/pipelines/releases/tag/Ag3.0
AR0016-Cx	https://vo_agam_output.cog.sanger.ac.uk/AR0016-Cx.bam	b6b3651834ba66a7f1410d8c9f7b3bd8	https://vo_agam_output.cog.sanger.ac.uk/AR0016-Cx.vcf.gz	c664a019cca194a5603a6af8d3bf6bce	https://vo_agam_output.cog.sanger.ac.uk/AR0016-Cx.gatk.zarr.zip	e338c564b1b0a4e76c1245807abc6490	https://github.com/malariagen/pipelines/releases/tag/Ag3.0
AR0017-C	https://vo_agam_output.cog.sanger.ac.uk/AR0017-C.bam	118a6ff9ed9254c6d1309f434a9d83fe	https://vo_agam_output.cog.sanger.ac.uk/AR0017-C.vcf.gz	6717445d7d4f25036e0c8e696656d038	https://vo_agam_output.cog.sanger.ac.uk/AR0017-C.gatk.zarr.zip	cff8b770ed6ee033696ee7c63a52b7dd	https://github.com/malariagen/pipelines/releases/tag/Ag3.0
AR0018-C	https://vo_agam_output.cog.sanger.ac.uk/AR0018-C.bam	ca89a773326c400b6b67519009f0ad3b	https://vo_agam_output.cog.sanger.ac.uk/AR0018-C.vcf.gz	f6665e2dbe7c4f9fdb1fc10ffc57fb96	https://vo_agam_output.cog.sanger.ac.uk/AR0018-C.gatk.zarr.zip	1d3956c7959b6a6886390242e44c39e5	https://github.com/malariagen/pipelines/releases/tag/Ag3.0
AR0018-Cx	https://vo_agam_output.cog.sanger.ac.uk/AR0018-Cx.bam	906d0ac9fda0d8dcc4a2bf410fd578ef	https://vo_agam_output.cog.sanger.ac.uk/AR0018-Cx.vcf.gz	9e74a80493ff933f448db763d2f551d8	https://vo_agam_output.cog.sanger.ac.uk/AR0018-Cx.gatk.zarr.zip	2d00cfb69b932fe45a79ec442095a84e	https://github.com/malariagen/pipelines/releases/tag/Ag3.0
AR0018-Cx	https://vo_agam_output.cog.sanger.ac.uk/AR0018-Cx.bam	906d0ac9fda0d8dcc4a2bf410fd578ef	https://vo_agam_output.cog.sanger.ac.uk/AR0018-Cx.vcf.gz	9e74a80493ff933f448db763d2f551d8	https://vo_agam_output.cog.sanger.ac.uk/AR0018-Cx.gatk.zarr.zip	2d00cfb69b932fe45a79ec442095a84e	https://github.com/malariagen/pipelines/releases/tag/Ag3.0
AR0019-C	https://vo_agam_output.cog.sanger.ac.uk/AR0019-C.bam	7118b077c4fcc82c78e9010ffd6f5867	https://vo_agam_output.cog.sanger.ac.uk/AR0019-C.vcf.gz	94bc84e7b1ea2d7fb493bdf182b9663f	https://vo_agam_output.cog.sanger.ac.uk/AR0019-C.gatk.zarr.zip	d88b140b9f9c8b6a9f57145efacab0a3	https://github.com/malariagen/pipelines/releases/tag/Ag3.0
AR0020-C	https://vo_agam_output.cog.sanger.ac.uk/AR0020-C.bam	a1ed904286728d120c2c1c51fa87d4df	https://vo_agam_output.cog.sanger.ac.uk/AR0020-C.vcf.gz	72fec4771406f30b327823e9656f4cfc	https://vo_agam_output.cog.sanger.ac.uk/AR0020-C.gatk.zarr.zip	508c02165e1102a09eb983ad509b94c7	https://github.com/malariagen/pipelines/releases/tag/Ag3.0
AR0020-Cx	https://vo_agam_output.cog.sanger.ac.uk/AR0020-Cx.bam	b6ef5d0affd7bb7fe7842e77fbf119a6	https://vo_agam_output.cog.sanger.ac.uk/AR0020-Cx.vcf.gz	35661dd8300a060c6439f4bb8bc3ae13	https://vo_agam_output.cog.sanger.ac.uk/AR0020-Cx.gatk.zarr.zip	2beb134d81cc1da4bfbfb80a20936588	https://github.com/malariagen/pipelines/releases/tag/Ag3.0
AR0020-Cx	https://vo_agam_output.cog.sanger.ac.uk/AR0020-Cx.bam	b6ef5d0affd7bb7fe7842e77fbf119a6	https://vo_agam_output.cog.sanger.ac.uk/AR0020-Cx.vcf.gz	35661dd8300a060c6439f4bb8bc3ae13	https://vo_agam_output.cog.sanger.ac.uk/AR0020-Cx.gatk.zarr.zip	2beb134d81cc1da4bfbfb80a20936588	https://github.com/malariagen/pipelines/releases/tag/Ag3.0
AR0021-C	https://vo_agam_output.cog.sanger.ac.uk/AR0021-C.bam	42c7edb58ff40366dd5503892bb77ccb	https://vo_agam_output.cog.sanger.ac.uk/AR0021-C.vcf.gz	4607512a0f1904538663b56e506818af	https://vo_agam_output.cog.sanger.ac.uk/AR0021-C.gatk.zarr.zip	ed38f22b8d5c63926c6fd58334dd8f74	https://github.com/malariagen/pipelines/releases/tag/Ag3.0
AR0021-Cx	https://vo_agam_output.cog.sanger.ac.uk/AR0021-Cx.bam	82c22814d93fc703bc6cea0bdb03d64a	https://vo_agam_output.cog.sanger.ac.uk/AR0021-Cx.vcf.gz	8406ce17d00181587b443abaa38875d0	https://vo_agam_output.cog.sanger.ac.uk/AR0021-Cx.gatk.zarr.zip	aca8e99e2fe2b6dfba07d25a3e5cdde0	https://github.com/malariagen/pipelines/releases/tag/Ag3.0
AR0021-Cx	https://vo_agam_output.cog.sanger.ac.uk/AR0021-Cx.bam	82c22814d93fc703bc6cea0bdb03d64a	https://vo_agam_output.cog.sanger.ac.uk/AR0021-Cx.vcf.gz	8406ce17d00181587b443abaa38875d0	https://vo_agam_output.cog.sanger.ac.uk/AR0021-Cx.gatk.zarr.zip	aca8e99e2fe2b6dfba07d25a3e5cdde0	https://github.com/malariagen/pipelines/releases/tag/Ag3.0
AR0022-C	https://vo_agam_output.cog.sanger.ac.uk/AR0022-C.bam	95fc4883f88f06ece4df150f84e62b5f	https://vo_agam_output.cog.sanger.ac.uk/AR0022-C.vcf.gz	42d667c02775f46be6525b76bf76fdb6	https://vo_agam_output.cog.sanger.ac.uk/AR0022-C.gatk.zarr.zip	fbc45c0d25005c5d339e6ebc3156ecdc	https://github.com/malariagen/pipelines/releases/tag/Ag3.0
AR0023-C	https://vo_agam_output.cog.sanger.ac.uk/AR0023-C.bam	255653109f257ea2aa1bca0dab55346c	https://vo_agam_output.cog.sanger.ac.uk/AR0023-C.vcf.gz	c46d7bf8008084d38b5c1e0693954acb	https://vo_agam_output.cog.sanger.ac.uk/AR0023-C.gatk.zarr.zip	397035d3b1e5d97fa675d2eace862d24	https://github.com/malariagen/pipelines/releases/tag/Ag3.0
AR0023-Cx	https://vo_agam_output.cog.sanger.ac.uk/AR0023-Cx.bam	d3d1b4e897d9b6523988272807669269	https://vo_agam_output.cog.sanger.ac.uk/AR0023-Cx.vcf.gz	8b7b3db589f2690975cbee3df874b0d0	https://vo_agam_output.cog.sanger.ac.uk/AR0023-Cx.gatk.zarr.zip	72685bebac89effaa1b2f13cb4b8c7a6	https://github.com/malariagen/pipelines/releases/tag/Ag3.0
AR0023-Cx	https://vo_agam_output.cog.sanger.ac.uk/AR0023-Cx.bam	d3d1b4e897d9b6523988272807669269	https://vo_agam_output.cog.sanger.ac.uk/AR0023-Cx.vcf.gz	8b7b3db589f2690975cbee3df874b0d0	https://vo_agam_output.cog.sanger.ac.uk/AR0023-Cx.gatk.zarr.zip	72685bebac89effaa1b2f13cb4b8c7a6	https://github.com/malariagen/pipelines/releases/tag/Ag3.0
AR0024-C	https://vo_agam_output.cog.sanger.ac.uk/AR0024-C.bam	70eb2e190831d5caf790be0541b34743	https://vo_agam_output.cog.sanger.ac.uk/AR0024-C.vcf.gz	9d0e56b1e54e2e0d24b6ebb9acac1122	https://vo_agam_output.cog.sanger.ac.uk/AR0024-C.gatk.zarr.zip	61f08a56970b2c52d289d340a14b5651	https://github.com/malariagen/pipelines/releases/tag/Ag3.0
AR0024-Cx	https://vo_agam_output.cog.sanger.ac.uk/AR0024-Cx.bam	ab2cf83b80b17285477484a50b3f5ade	https://vo_agam_output.cog.sanger.ac.uk/AR0024-Cx.vcf.gz	e6bc08ee6e52ca0d97a106d2b6f3b9b9	https://vo_agam_output.cog.sanger.ac.uk/AR0024-Cx.gatk.zarr.zip	5dea24caaa8828ec4862c5eb0e3f00ee	https://github.com/malariagen/pipelines/releases/tag/Ag3.0
AR0024-Cx	https://vo_agam_output.cog.sanger.ac.uk/AR0024-Cx.bam	ab2cf83b80b17285477484a50b3f5ade	https://vo_agam_output.cog.sanger.ac.uk/AR0024-Cx.vcf.gz	e6bc08ee6e52ca0d97a106d2b6f3b9b9	https://vo_agam_output.cog.sanger.ac.uk/AR0024-Cx.gatk.zarr.zip	5dea24caaa8828ec4862c5eb0e3f00ee	https://github.com/malariagen/pipelines/releases/tag/Ag3.0
AR0025-C	https://vo_agam_output.cog.sanger.ac.uk/AR0025-C.bam	ee6c5d924396e2ab641ba1f0ecad8dba	https://vo_agam_output.cog.sanger.ac.uk/AR0025-C.vcf.gz	3cb04af838c02a5bbfdeb0405dbd1baf	https://vo_agam_output.cog.sanger.ac.uk/AR0025-C.gatk.zarr.zip	c14478e6b91dfec0a24373674d2bd7ba	https://github.com/malariagen/pipelines/releases/tag/Ag3.0
AR0026-C	https://vo_agam_output.cog.sanger.ac.uk/AR0026-C.bam	e13233379b59953e2807a1fae60bccd7	https://vo_agam_output.cog.sanger.ac.uk/AR0026-C.vcf.gz	5fdeb1c1be67d6d49dcdaeb8b601de0b	https://vo_agam_output.cog.sanger.ac.uk/AR0026-C.gatk.zarr.zip	9bd7bb1fac921979cd45cfca11a7bc14	https://github.com/malariagen/pipelines/releases/tag/Ag3.0
AR0027-C	https://vo_agam_output.cog.sanger.ac.uk/AR0027-C.bam	c6271aaa7fcf43bb96d7814d7fc6c5bf	https://vo_agam_output.cog.sanger.ac.uk/AR0027-C.vcf.gz	208a448bddbba05354a827cbc8ea348f	https://vo_agam_output.cog.sanger.ac.uk/AR0027-C.gatk.zarr.zip	9a1f6a0499ec8ccb2e7f883565c789a3	https://github.com/malariagen/pipelines/releases/tag/Ag3.0
AR0027-Cx	https://vo_agam_output.cog.sanger.ac.uk/AR0027-Cx.bam	a220a7b6eeeb890a5f63e87799fa310a	https://vo_agam_output.cog.sanger.ac.uk/AR0027-Cx.vcf.gz	f6162e41e6801f6791e447b1ba659874	https://vo_agam_output.cog.sanger.ac.uk/AR0027-Cx.gatk.zarr.zip	2defdcb01616797e1b575aaec1618b07	https://github.com/malariagen/pipelines/releases/tag/Ag3.0
AR0027-Cx	https://vo_agam_output.cog.sanger.ac.uk/AR0027-Cx.bam	a220a7b6eeeb890a5f63e87799fa310a	https://vo_agam_output.cog.sanger.ac.uk/AR0027-Cx.vcf.gz	f6162e41e6801f6791e447b1ba659874	https://vo_agam_output.cog.sanger.ac.uk/AR0027-Cx.gatk.zarr.zip	2defdcb01616797e1b575aaec1618b07	https://github.com/malariagen/pipelines/releases/tag/Ag3.0
AR0028-C	https://vo_agam_output.cog.sanger.ac.uk/AR0028-C.bam	66d1ac38581bea6bb3865dbcf4e814a5	https://vo_agam_output.cog.sanger.ac.uk/AR0028-C.vcf.gz	26dd13b711cdeadb2c6927c02275a37d	https://vo_agam_output.cog.sanger.ac.uk/AR0028-C.gatk.zarr.zip	91431882112f01e5591ae67f9cec93ee	https://github.com/malariagen/pipelines/releases/tag/Ag3.0
AR0029-C	https://vo_agam_output.cog.sanger.ac.uk/AR0029-C.bam	05662602a8b2175780a606c1bc0e340b	https://vo_agam_output.cog.sanger.ac.uk/AR0029-C.vcf.gz	e4f7a8fecaab5000739d0f982cf97a1c	https://vo_agam_output.cog.sanger.ac.uk/AR0029-C.gatk.zarr.zip	822282d34b303919284ff24932108d8d	https://github.com/malariagen/pipelines/releases/tag/Ag3.0
AR0030-C	https://vo_agam_output.cog.sanger.ac.uk/AR0030-C.bam	a39317a34547f9603fea97ec5389606e	https://vo_agam_output.cog.sanger.ac.uk/AR0030-C.vcf.gz	0d1b613017c20e2164bc44b2403d331c	https://vo_agam_output.cog.sanger.ac.uk/AR0030-C.gatk.zarr.zip	45784c5df7d03ffa6fb6234c8776feec	https://github.com/malariagen/pipelines/releases/tag/Ag3.0
AR0031-C	https://vo_agam_output.cog.sanger.ac.uk/AR0031-C.bam	33b446e8093e1e15b58e852740e3afe6	https://vo_agam_output.cog.sanger.ac.uk/AR0031-C.vcf.gz	8d9da43708f1f07f2968ab8801c8fd37	https://vo_agam_output.cog.sanger.ac.uk/AR0031-C.gatk.zarr.zip	b6537b2952822ecf814faf97abafbec8	https://github.com/malariagen/pipelines/releases/tag/Ag3.0
AR0032-C	https://vo_agam_output.cog.sanger.ac.uk/AR0032-C.bam	0ac893ae9ec5c7743e5a4a00dbdb49d7	https://vo_agam_output.cog.sanger.ac.uk/AR0032-C.vcf.gz	e33d34c2a3adcd4382a9866d986e9c87	https://vo_agam_output.cog.sanger.ac.uk/AR0032-C.gatk.zarr.zip	191fb4ac2bb917b2bb5bdeb273fce2bd	https://github.com/malariagen/pipelines/releases/tag/Ag3.0
AR0033-C	https://vo_agam_output.cog.sanger.ac.uk/AR0033-C.bam	94b237cbff79bf4cdf1df7d941422ec8	https://vo_agam_output.cog.sanger.ac.uk/AR0033-C.vcf.gz	e118bf731cf4f27dfdd841e27478695a	https://vo_agam_output.cog.sanger.ac.uk/AR0033-C.gatk.zarr.zip	7c634e06c5531b7dca1cc3b40b1da277	https://github.com/malariagen/pipelines/releases/tag/Ag3.0
AR0034-C	https://vo_agam_output.cog.sanger.ac.uk/AR0034-C.bam	a693923a43965b7f7027b734421edc7a	https://vo_agam_output.cog.sanger.ac.uk/AR0034-C.vcf.gz	9647aa9f6a96a8340d15c71ea01ed59c	https://vo_agam_output.cog.sanger.ac.uk/AR0034-C.gatk.zarr.zip	bf8e4fd04abe3ffe37f8debbbe1a06ec	https://github.com/malariagen/pipelines/releases/tag/Ag3.0
AR0035-C	https://vo_agam_output.cog.sanger.ac.uk/AR0035-C.bam	9fb221a444cbd9ddeb42eeb739a64454	https://vo_agam_output.cog.sanger.ac.uk/AR0035-C.vcf.gz	ceb09454f71d0028d9aeab80dd5e7bb1	https://vo_agam_output.cog.sanger.ac.uk/AR0035-C.gatk.zarr.zip	99c32824fc3c5245b9df6c24ddf761d2	https://github.com/malariagen/pipelines/releases/tag/Ag3.0
AR0036-C	https://vo_agam_output.cog.sanger.ac.uk/AR0036-C.bam	a0a5f3e382b0fa5c631a96686460b159	https://vo_agam_output.cog.sanger.ac.uk/AR0036-C.vcf.gz	7d36225efcd7c73f25e1cce4e419261b	https://vo_agam_output.cog.sanger.ac.uk/AR0036-C.gatk.zarr.zip	9bd8679c06cfaa028640526d6c4e995a	https://github.com/malariagen/pipelines/releases/tag/Ag3.0
AR0037-C	https://vo_agam_output.cog.sanger.ac.uk/AR0037-C.bam	e0e1ab6065253b8ffee6b3818f5d2816	https://vo_agam_output.cog.sanger.ac.uk/AR0037-C.vcf.gz	71e80f8d85b5a9178ac5647da8f44e32	https://vo_agam_output.cog.sanger.ac.uk/AR0037-C.gatk.zarr.zip	ac55c24afe7078565a20cd634eeb07c3	https://github.com/malariagen/pipelines/releases/tag/Ag3.0
AR0038-C	https://vo_agam_output.cog.sanger.ac.uk/AR0038-C.bam	51a25f6daf85676f1ba9bcf51d1653bd	https://vo_agam_output.cog.sanger.ac.uk/AR0038-C.vcf.gz	fac7a6810617867e99a69a7b73d64355	https://vo_agam_output.cog.sanger.ac.uk/AR0038-C.gatk.zarr.zip	9c89f82f769786fe6e906f3e33e27344	https://github.com/malariagen/pipelines/releases/tag/Ag3.0
AR0038-Cx	https://vo_agam_output.cog.sanger.ac.uk/AR0038-Cx.bam	34ca1771480bf953658ddc12824f1a13	https://vo_agam_output.cog.sanger.ac.uk/AR0038-Cx.vcf.gz	0671ef95a54fc41cc6efc5981def7755	https://vo_agam_output.cog.sanger.ac.uk/AR0038-Cx.gatk.zarr.zip	7f0fd3384b06492d33c356cba85e964a	https://github.com/malariagen/pipelines/releases/tag/Ag3.0
AR0038-Cx	https://vo_agam_output.cog.sanger.ac.uk/AR0038-Cx.bam	34ca1771480bf953658ddc12824f1a13	https://vo_agam_output.cog.sanger.ac.uk/AR0038-Cx.vcf.gz	0671ef95a54fc41cc6efc5981def7755	https://vo_agam_output.cog.sanger.ac.uk/AR0038-Cx.gatk.zarr.zip	7f0fd3384b06492d33c356cba85e964a	https://github.com/malariagen/pipelines/releases/tag/Ag3.0
AR0039-C	https://vo_agam_output.cog.sanger.ac.uk/AR0039-C.bam	9e4a2069c78507cd10eb998ccc85b5c4	https://vo_agam_output.cog.sanger.ac.uk/AR0039-C.vcf.gz	7744e9d90262b85914fa6010c27d6b42	https://vo_agam_output.cog.sanger.ac.uk/AR0039-C.gatk.zarr.zip	7da43ff604e4388ba8de52debe40710d	https://github.com/malariagen/pipelines/releases/tag/Ag3.0
AR0040-C	https://vo_agam_output.cog.sanger.ac.uk/AR0040-C.bam	d10999b1d5c966d5c8b456394d2a3516	https://vo_agam_output.cog.sanger.ac.uk/AR0040-C.vcf.gz	10f7a32d0274521e5b51a99c2951d172	https://vo_agam_output.cog.sanger.ac.uk/AR0040-C.gatk.zarr.zip	c917b10bfcaffd6020e772cd74e45483	https://github.com/malariagen/pipelines/releases/tag/Ag3.0
AR0041-C	https://vo_agam_output.cog.sanger.ac.uk/AR0041-C.bam	46895f7ed91a2b17714f4d1e21e1d6a2	https://vo_agam_output.cog.sanger.ac.uk/AR0041-C.vcf.gz	4f742bf4334e60dab6f99f477923f59e	https://vo_agam_output.cog.sanger.ac.uk/AR0041-C.gatk.zarr.zip	23b2201cd16653322dcd8520b6e5b12a	https://github.com/malariagen/pipelines/releases/tag/Ag3.0
AR0042-C	https://vo_agam_output.cog.sanger.ac.uk/AR0042-C.bam	d9591e908bbc17cc50a80e8a185a52d3	https://vo_agam_output.cog.sanger.ac.uk/AR0042-C.vcf.gz	317ef58393e1fb134e7f9e6e7558aac6	https://vo_agam_output.cog.sanger.ac.uk/AR0042-C.gatk.zarr.zip	e40d7fc0f9bd109c62b9cec136c64170	https://github.com/malariagen/pipelines/releases/tag/Ag3.0
AR0043-C	https://vo_agam_output.cog.sanger.ac.uk/AR0043-C.bam	1169018b1f9db1f4284ad9346636f207	https://vo_agam_output.cog.sanger.ac.uk/AR0043-C.vcf.gz	f978dad6d9a015989d79bde3a3a2f3f1	https://vo_agam_output.cog.sanger.ac.uk/AR0043-C.gatk.zarr.zip	0cd44def220a6615b30500d5726eedbb	https://github.com/malariagen/pipelines/releases/tag/Ag3.0
AR0044-C	https://vo_agam_output.cog.sanger.ac.uk/AR0044-C.bam	a6ba37b1ec3a7e3795d3a668ea95e10c	https://vo_agam_output.cog.sanger.ac.uk/AR0044-C.vcf.gz	2ef082d3954d96fc9f739ce5423cb484	https://vo_agam_output.cog.sanger.ac.uk/AR0044-C.gatk.zarr.zip	ae7c9b42bcbce97db07c8b4aae2379ea	https://github.com/malariagen/pipelines/releases/tag/Ag3.0
AR0045-C	https://vo_agam_output.cog.sanger.ac.uk/AR0045-C.bam	5eb49c1386debd13bdf4b7d84c8014a1	https://vo_agam_output.cog.sanger.ac.uk/AR0045-C.vcf.gz	137d584321aa3770ce0ecee99e8e0cd5	https://vo_agam_output.cog.sanger.ac.uk/AR0045-C.gatk.zarr.zip	1a9098de433ae63b49b1a01af8af1cbe	https://github.com/malariagen/pipelines/releases/tag/Ag3.0
AR0046-C	https://vo_agam_output.cog.sanger.ac.uk/AR0046-C.bam	5169cc457a47b5569a5c7edb19c62a28	https://vo_agam_output.cog.sanger.ac.uk/AR0046-C.vcf.gz	def02089d88b2ac790cb73cd33fe8efa	https://vo_agam_output.cog.sanger.ac.uk/AR0046-C.gatk.zarr.zip	307ab946653bd3b2c6d398ac70a6ab8b	https://github.com/malariagen/pipelines/releases/tag/Ag3.0
AR0047-C	https://vo_agam_output.cog.sanger.ac.uk/AR0047-C.bam	5b55670b60759344a5e88801ada8d756	https://vo_agam_output.cog.sanger.ac.uk/AR0047-C.vcf.gz	39775ef5d71e42cfdecd94d8943d81e7	https://vo_agam_output.cog.sanger.ac.uk/AR0047-C.gatk.zarr.zip	a02c5f9962e7fb5491f2ea196026e87a	https://github.com/malariagen/pipelines/releases/tag/Ag3.0
AR0048-C	https://vo_agam_output.cog.sanger.ac.uk/AR0048-C.bam	dd073b38cf541c762227b555f4bf2cab	https://vo_agam_output.cog.sanger.ac.uk/AR0048-C.vcf.gz	b47b13051ba5d0485d2aef552f3f7ec8	https://vo_agam_output.cog.sanger.ac.uk/AR0048-C.gatk.zarr.zip	d0d6714120727d17bbf6f4d7a1fb5021	https://github.com/malariagen/pipelines/releases/tag/Ag3.0
AR0049-C	https://vo_agam_output.cog.sanger.ac.uk/AR0049-C.bam	f6590f73ba79cf24492dbbd07c019ded	https://vo_agam_output.cog.sanger.ac.uk/AR0049-C.vcf.gz	80dbe79f6f2863b213455053b66073b8	https://vo_agam_output.cog.sanger.ac.uk/AR0049-C.gatk.zarr.zip	0765ceaaf4f943c36e592bf1358deb52	https://github.com/malariagen/pipelines/releases/tag/Ag3.0
AR0050-C	https://vo_agam_output.cog.sanger.ac.uk/AR0050-C.bam	4091d06561dc43e1954c8b62bf49efde	https://vo_agam_output.cog.sanger.ac.uk/AR0050-C.vcf.gz	448cc5b2b9280334f0a5e2e15dc6efa7	https://vo_agam_output.cog.sanger.ac.uk/AR0050-C.gatk.zarr.zip	06226a68c8de4fc90e18e8a6dbee58fd	https://github.com/malariagen/pipelines/releases/tag/Ag3.0
AR0050-Cx	https://vo_agam_output.cog.sanger.ac.uk/AR0050-Cx.bam	bb6f0079ba1e303fa11d60aed289fe75	https://vo_agam_output.cog.sanger.ac.uk/AR0050-Cx.vcf.gz	555d1acb7d9862f6d2021f6a0334138f	https://vo_agam_output.cog.sanger.ac.uk/AR0050-Cx.gatk.zarr.zip	89cdaa120d93be1524eb1e9268d7af92	https://github.com/malariagen/pipelines/releases/tag/Ag3.0
AR0050-Cx	https://vo_agam_output.cog.sanger.ac.uk/AR0050-Cx.bam	bb6f0079ba1e303fa11d60aed289fe75	https://vo_agam_output.cog.sanger.ac.uk/AR0050-Cx.vcf.gz	555d1acb7d9862f6d2021f6a0334138f	https://vo_agam_output.cog.sanger.ac.uk/AR0050-Cx.gatk.zarr.zip	89cdaa120d93be1524eb1e9268d7af92	https://github.com/malariagen/pipelines/releases/tag/Ag3.0
AR0051-C	https://vo_agam_output.cog.sanger.ac.uk/AR0051-C.bam	926b06ee5e9ee629100000803e458604	https://vo_agam_output.cog.sanger.ac.uk/AR0051-C.vcf.gz	d87d623c200f23db8bde94c8e2923f67	https://vo_agam_output.cog.sanger.ac.uk/AR0051-C.gatk.zarr.zip	73f1f4c0b2fadbe2cefa0c9ab7bdee01	https://github.com/malariagen/pipelines/releases/tag/Ag3.0
AR0052-C	https://vo_agam_output.cog.sanger.ac.uk/AR0052-C.bam	7333739c67e1a19ea8a27751b013d90b	https://vo_agam_output.cog.sanger.ac.uk/AR0052-C.vcf.gz	93286f2cf4ccb94c04acf19e18be6159	https://vo_agam_output.cog.sanger.ac.uk/AR0052-C.gatk.zarr.zip	2de3cf7bd7ca0ab7a89c80bca55162f9	https://github.com/malariagen/pipelines/releases/tag/Ag3.0
AR0053-C	https://vo_agam_output.cog.sanger.ac.uk/AR0053-C.bam	7019a711e42fd59a155aff8944f993f3	https://vo_agam_output.cog.sanger.ac.uk/AR0053-C.vcf.gz	8eb0c4e09aebbf9e3eeac27d36f2d0ec	https://vo_agam_output.cog.sanger.ac.uk/AR0053-C.gatk.zarr.zip	7512126b12670fd84a4a3bc85b032305	https://github.com/malariagen/pipelines/releases/tag/Ag3.0
AR0054-C	https://vo_agam_output.cog.sanger.ac.uk/AR0054-C.bam	f276a5e47f0c8bd37de69363c7382f7d	https://vo_agam_output.cog.sanger.ac.uk/AR0054-C.vcf.gz	05508eb9225fc59da2842bb041ed9064	https://vo_agam_output.cog.sanger.ac.uk/AR0054-C.gatk.zarr.zip	275e3dbc5003269d0f1b8048d02945b6	https://github.com/malariagen/pipelines/releases/tag/Ag3.0
AR0054-Cx	https://vo_agam_output.cog.sanger.ac.uk/AR0054-Cx.bam	deef7b8446302abe7627814f5bc79c29	https://vo_agam_output.cog.sanger.ac.uk/AR0054-Cx.vcf.gz	24ebdf41a844a39b546495a41db71417	https://vo_agam_output.cog.sanger.ac.uk/AR0054-Cx.gatk.zarr.zip	f567dca5d621d6af0e64b39ffd67bf28	https://github.com/malariagen/pipelines/releases/tag/Ag3.0
AR0054-Cx	https://vo_agam_output.cog.sanger.ac.uk/AR0054-Cx.bam	deef7b8446302abe7627814f5bc79c29	https://vo_agam_output.cog.sanger.ac.uk/AR0054-Cx.vcf.gz	24ebdf41a844a39b546495a41db71417	https://vo_agam_output.cog.sanger.ac.uk/AR0054-Cx.gatk.zarr.zip	f567dca5d621d6af0e64b39ffd67bf28	https://github.com/malariagen/pipelines/releases/tag/Ag3.0
AR0056-C	https://vo_agam_output.cog.sanger.ac.uk/AR0056-C.bam	d300820fa924d09d5349bebcbe5bd633	https://vo_agam_output.cog.sanger.ac.uk/AR0056-C.vcf.gz	100b72c0c207158bb6c3ec3bb74320b1	https://vo_agam_output.cog.sanger.ac.uk/AR0056-C.gatk.zarr.zip	6fe6afa7740825e1182b4635751eacb9	https://github.com/malariagen/pipelines/releases/tag/Ag3.0
AR0057-C	https://vo_agam_output.cog.sanger.ac.uk/AR0057-C.bam	44225626e17a15b4fbe1b6b316a075bc	https://vo_agam_output.cog.sanger.ac.uk/AR0057-C.vcf.gz	8bbbbf0148580118352329dbfebd117e	https://vo_agam_output.cog.sanger.ac.uk/AR0057-C.gatk.zarr.zip	d316be2fb413619793bd0fee6ff03eeb	https://github.com/malariagen/pipelines/releases/tag/Ag3.0
AR0058-C	https://vo_agam_output.cog.sanger.ac.uk/AR0058-C.bam	65dbf6b8748336fa4dedae1610e3c176	https://vo_agam_output.cog.sanger.ac.uk/AR0058-C.vcf.gz	bec089b36fd09efdf8ab903d315d9cd4	https://vo_agam_output.cog.sanger.ac.uk/AR0058-C.gatk.zarr.zip	be611a0c1e8872b9e5561ad1d35989ab	https://github.com/malariagen/pipelines/releases/tag/Ag3.0
AR0058-Cx	https://vo_agam_output.cog.sanger.ac.uk/AR0058-Cx.bam	73bef9b9060c634ea5e719c6be436a47	https://vo_agam_output.cog.sanger.ac.uk/AR0058-Cx.vcf.gz	0ca89867f447c77410239ecbc830601f	https://vo_agam_output.cog.sanger.ac.uk/AR0058-Cx.gatk.zarr.zip	bef25b5a5dcb3a0dca39144c813427e9	https://github.com/malariagen/pipelines/releases/tag/Ag3.0
AR0058-Cx	https://vo_agam_output.cog.sanger.ac.uk/AR0058-Cx.bam	73bef9b9060c634ea5e719c6be436a47	https://vo_agam_output.cog.sanger.ac.uk/AR0058-Cx.vcf.gz	0ca89867f447c77410239ecbc830601f	https://vo_agam_output.cog.sanger.ac.uk/AR0058-Cx.gatk.zarr.zip	bef25b5a5dcb3a0dca39144c813427e9	https://github.com/malariagen/pipelines/releases/tag/Ag3.0
AR0059-C	https://vo_agam_output.cog.sanger.ac.uk/AR0059-C.bam	e54ccf05dd0c77ac3df280a071635b38	https://vo_agam_output.cog.sanger.ac.uk/AR0059-C.vcf.gz	beb5e7394e12ecd8b0f0c71fba65672c	https://vo_agam_output.cog.sanger.ac.uk/AR0059-C.gatk.zarr.zip	7786005a706186935aee6a8c76d92eb5	https://github.com/malariagen/pipelines/releases/tag/Ag3.0
AR0060-C	https://vo_agam_output.cog.sanger.ac.uk/AR0060-C.bam	427a0e486016173be704c1b1961821bb	https://vo_agam_output.cog.sanger.ac.uk/AR0060-C.vcf.gz	e590858cf84f4d9f05a0eb24668ff5f9	https://vo_agam_output.cog.sanger.ac.uk/AR0060-C.gatk.zarr.zip	a07772044d394299be291eeed9723339	https://github.com/malariagen/pipelines/releases/tag/Ag3.0
AR0061-C	https://vo_agam_output.cog.sanger.ac.uk/AR0061-C.bam	0810ecd5f9a77fb067443f8a62f6ec1a	https://vo_agam_output.cog.sanger.ac.uk/AR0061-C.vcf.gz	94d8e9ca2135ace9044260705b56a629	https://vo_agam_output.cog.sanger.ac.uk/AR0061-C.gatk.zarr.zip	353564cba53319451c296a1a039e9967	https://github.com/malariagen/pipelines/releases/tag/Ag3.0
AR0062-C	https://vo_agam_output.cog.sanger.ac.uk/AR0062-C.bam	bdbe4aee18ccb6df434530a0327e78ac	https://vo_agam_output.cog.sanger.ac.uk/AR0062-C.vcf.gz	6d6993c18dd01b6fa890ab643ff7e5d0	https://vo_agam_output.cog.sanger.ac.uk/AR0062-C.gatk.zarr.zip	940148c6f73b189dcc8e750ddb6fee47	https://github.com/malariagen/pipelines/releases/tag/Ag3.0
AR0063-C	https://vo_agam_output.cog.sanger.ac.uk/AR0063-C.bam	c971747ef608f365298cd623669de7ea	https://vo_agam_output.cog.sanger.ac.uk/AR0063-C.vcf.gz	a124356819c11df7ef57e07ff6bdcd4d	https://vo_agam_output.cog.sanger.ac.uk/AR0063-C.gatk.zarr.zip	e09336e6dd939914d5cc2254ee653956	https://github.com/malariagen/pipelines/releases/tag/Ag3.0
AR0064-C	https://vo_agam_output.cog.sanger.ac.uk/AR0064-C.bam	4e841a040a067e9d656dc383e18e2a7c	https://vo_agam_output.cog.sanger.ac.uk/AR0064-C.vcf.gz	e88eaf5962232f3536f4258cb6c1de9f	https://vo_agam_output.cog.sanger.ac.uk/AR0064-C.gatk.zarr.zip	c07205c67f0318c354a1a7ea0e259ff5	https://github.com/malariagen/pipelines/releases/tag/Ag3.0
AR0065-C	https://vo_agam_output.cog.sanger.ac.uk/AR0065-C.bam	0ad5eb33a281d10cce16a36a190b4437	https://vo_agam_output.cog.sanger.ac.uk/AR0065-C.vcf.gz	d1824a320dcf89f6139ed3e72255889f	https://vo_agam_output.cog.sanger.ac.uk/AR0065-C.gatk.zarr.zip	5a10cd9db82a74ffd18773a040cbf19a	https://github.com/malariagen/pipelines/releases/tag/Ag3.0
AR0066-C	https://vo_agam_output.cog.sanger.ac.uk/AR0066-C.bam	7bb07b684ba1e0d842e3ddfb3ed89f9e	https://vo_agam_output.cog.sanger.ac.uk/AR0066-C.vcf.gz	10cf9f769ca018f3262544eff0e427ff	https://vo_agam_output.cog.sanger.ac.uk/AR0066-C.gatk.zarr.zip	b64a7cdab2f9ca3630b409f083c1507f	https://github.com/malariagen/pipelines/releases/tag/Ag3.0
AR0066-Cx	https://vo_agam_output.cog.sanger.ac.uk/AR0066-Cx.bam	5a3d94a1922ee29fd8d5a2d71d002ccb	https://vo_agam_output.cog.sanger.ac.uk/AR0066-Cx.vcf.gz	f516ee8895ad039a7720ae1629b7bd06	https://vo_agam_output.cog.sanger.ac.uk/AR0066-Cx.gatk.zarr.zip	9a8b1dc5537eea70d44a89c0e8ff690b	https://github.com/malariagen/pipelines/releases/tag/Ag3.0
AR0066-Cx	https://vo_agam_output.cog.sanger.ac.uk/AR0066-Cx.bam	5a3d94a1922ee29fd8d5a2d71d002ccb	https://vo_agam_output.cog.sanger.ac.uk/AR0066-Cx.vcf.gz	f516ee8895ad039a7720ae1629b7bd06	https://vo_agam_output.cog.sanger.ac.uk/AR0066-Cx.gatk.zarr.zip	9a8b1dc5537eea70d44a89c0e8ff690b	https://github.com/malariagen/pipelines/releases/tag/Ag3.0
AR0067-C	https://vo_agam_output.cog.sanger.ac.uk/AR0067-C.bam	1dad84b4e47dd95c500158a63b4f7d1b	https://vo_agam_output.cog.sanger.ac.uk/AR0067-C.vcf.gz	34a546dd7df157ebea6ffdccf3c4d168	https://vo_agam_output.cog.sanger.ac.uk/AR0067-C.gatk.zarr.zip	8e54af2740416f8fabb859158d7a2609	https://github.com/malariagen/pipelines/releases/tag/Ag3.0
AR0067-Cx	https://vo_agam_output.cog.sanger.ac.uk/AR0067-Cx.bam	f3b07f3f473a7f27053d946730ac69bd	https://vo_agam_output.cog.sanger.ac.uk/AR0067-Cx.vcf.gz	80291a6ad36de9a79c320539eb2c18fc	https://vo_agam_output.cog.sanger.ac.uk/AR0067-Cx.gatk.zarr.zip	7ce7439301aa5720e4362f57544cd70e	https://github.com/malariagen/pipelines/releases/tag/Ag3.0
AR0067-Cx	https://vo_agam_output.cog.sanger.ac.uk/AR0067-Cx.bam	f3b07f3f473a7f27053d946730ac69bd	https://vo_agam_output.cog.sanger.ac.uk/AR0067-Cx.vcf.gz	80291a6ad36de9a79c320539eb2c18fc	https://vo_agam_output.cog.sanger.ac.uk/AR0067-Cx.gatk.zarr.zip	7ce7439301aa5720e4362f57544cd70e	https://github.com/malariagen/pipelines/releases/tag/Ag3.0
AR0068-C	https://vo_agam_output.cog.sanger.ac.uk/AR0068-C.bam	623877b46423006a1ab38f63190a376d	https://vo_agam_output.cog.sanger.ac.uk/AR0068-C.vcf.gz	dc3e193090d1c3404b5e675b43ed7349	https://vo_agam_output.cog.sanger.ac.uk/AR0068-C.gatk.zarr.zip	30cb9243d3072f6fe0e6c1e35a7e5d6c	https://github.com/malariagen/pipelines/releases/tag/Ag3.0
AR0068-Cx	https://vo_agam_output.cog.sanger.ac.uk/AR0068-Cx.bam	4e4a76cbde29e2ca45e48ff6dc32e6c8	https://vo_agam_output.cog.sanger.ac.uk/AR0068-Cx.vcf.gz	367ccb773379cc67927bb2255a08ee6f	https://vo_agam_output.cog.sanger.ac.uk/AR0068-Cx.gatk.zarr.zip	498ceb3fce91ca427d44173b97eb1381	https://github.com/malariagen/pipelines/releases/tag/Ag3.0
AR0068-Cx	https://vo_agam_output.cog.sanger.ac.uk/AR0068-Cx.bam	4e4a76cbde29e2ca45e48ff6dc32e6c8	https://vo_agam_output.cog.sanger.ac.uk/AR0068-Cx.vcf.gz	367ccb773379cc67927bb2255a08ee6f	https://vo_agam_output.cog.sanger.ac.uk/AR0068-Cx.gatk.zarr.zip	498ceb3fce91ca427d44173b97eb1381	https://github.com/malariagen/pipelines/releases/tag/Ag3.0
AR0069-C	https://vo_agam_output.cog.sanger.ac.uk/AR0069-C.bam	08eb2ec79e446d2fe5e18b93c9a8f923	https://vo_agam_output.cog.sanger.ac.uk/AR0069-C.vcf.gz	bfbd7f88427a85a50a27550d145e442a	https://vo_agam_output.cog.sanger.ac.uk/AR0069-C.gatk.zarr.zip	9587486996dcb3c42ffd1aeb98454893	https://github.com/malariagen/pipelines/releases/tag/Ag3.0
AR0069-Cx	https://vo_agam_output.cog.sanger.ac.uk/AR0069-Cx.bam	42a9453bc4906369b1600c87db66b246	https://vo_agam_output.cog.sanger.ac.uk/AR0069-Cx.vcf.gz	630dfac2a07fca4ba92717204f1f6e21	https://vo_agam_output.cog.sanger.ac.uk/AR0069-Cx.gatk.zarr.zip	dd1fbc0bb7a843f9889775b1692062e8	https://github.com/malariagen/pipelines/releases/tag/Ag3.0
AR0069-Cx	https://vo_agam_output.cog.sanger.ac.uk/AR0069-Cx.bam	42a9453bc4906369b1600c87db66b246	https://vo_agam_output.cog.sanger.ac.uk/AR0069-Cx.vcf.gz	630dfac2a07fca4ba92717204f1f6e21	https://vo_agam_output.cog.sanger.ac.uk/AR0069-Cx.gatk.zarr.zip	dd1fbc0bb7a843f9889775b1692062e8	https://github.com/malariagen/pipelines/releases/tag/Ag3.0
AR0070-C	https://vo_agam_output.cog.sanger.ac.uk/AR0070-C.bam	614074308a7d5cf20ebe9788f6ac6c88	https://vo_agam_output.cog.sanger.ac.uk/AR0070-C.vcf.gz	860714f8d5050f325d868ec40bdbf0b2	https://vo_agam_output.cog.sanger.ac.uk/AR0070-C.gatk.zarr.zip	2e5f5bdb4aea73063221ac06b3890134	https://github.com/malariagen/pipelines/releases/tag/Ag3.0
AR0070-Cx	https://vo_agam_output.cog.sanger.ac.uk/AR0070-Cx.bam	d14a358adc235c701a0dd46cdb00116c	https://vo_agam_output.cog.sanger.ac.uk/AR0070-Cx.vcf.gz	821c45c40871d656afbc101a25a90d22	https://vo_agam_output.cog.sanger.ac.uk/AR0070-Cx.gatk.zarr.zip	54be7173685501e13275d463ff5c2b58	https://github.com/malariagen/pipelines/releases/tag/Ag3.0
AR0070-Cx	https://vo_agam_output.cog.sanger.ac.uk/AR0070-Cx.bam	d14a358adc235c701a0dd46cdb00116c	https://vo_agam_output.cog.sanger.ac.uk/AR0070-Cx.vcf.gz	821c45c40871d656afbc101a25a90d22	https://vo_agam_output.cog.sanger.ac.uk/AR0070-Cx.gatk.zarr.zip	54be7173685501e13275d463ff5c2b58	https://github.com/malariagen/pipelines/releases/tag/Ag3.0
AR0071-C	https://vo_agam_output.cog.sanger.ac.uk/AR0071-C.bam	e51da72a69021914e717ac205d32d759	https://vo_agam_output.cog.sanger.ac.uk/AR0071-C.vcf.gz	cad8c095e4fb20c85027ac582864fe1f	https://vo_agam_output.cog.sanger.ac.uk/AR0071-C.gatk.zarr.zip	64afd6a6b7607c20bd36370bb1fefb48	https://github.com/malariagen/pipelines/releases/tag/Ag3.0
AR0071-Cx	https://vo_agam_output.cog.sanger.ac.uk/AR0071-Cx.bam	8b287489a0c5e92869a293308dc0ed45	https://vo_agam_output.cog.sanger.ac.uk/AR0071-Cx.vcf.gz	7eeaffe4455274586251808cfce9f811	https://vo_agam_output.cog.sanger.ac.uk/AR0071-Cx.gatk.zarr.zip	15f9f615364b78e3719df8cb71cbf102	https://github.com/malariagen/pipelines/releases/tag/Ag3.0
AR0071-Cx	https://vo_agam_output.cog.sanger.ac.uk/AR0071-Cx.bam	8b287489a0c5e92869a293308dc0ed45	https://vo_agam_output.cog.sanger.ac.uk/AR0071-Cx.vcf.gz	7eeaffe4455274586251808cfce9f811	https://vo_agam_output.cog.sanger.ac.uk/AR0071-Cx.gatk.zarr.zip	15f9f615364b78e3719df8cb71cbf102	https://github.com/malariagen/pipelines/releases/tag/Ag3.0
AR0072-C	https://vo_agam_output.cog.sanger.ac.uk/AR0072-C.bam	a636559a26302e09ae6c8af359275d4e	https://vo_agam_output.cog.sanger.ac.uk/AR0072-C.vcf.gz	50c3782cd9dd92916afe4c7e696d31c5	https://vo_agam_output.cog.sanger.ac.uk/AR0072-C.gatk.zarr.zip	32b846974e14a0c63a475f7cffdf8ec8	https://github.com/malariagen/pipelines/releases/tag/Ag3.0
AR0073-C	https://vo_agam_output.cog.sanger.ac.uk/AR0073-C.bam	443fece7b29c23e34463c0f0b3bab919	https://vo_agam_output.cog.sanger.ac.uk/AR0073-C.vcf.gz	f984e757c73b0b9125abc75e87bad713	https://vo_agam_output.cog.sanger.ac.uk/AR0073-C.gatk.zarr.zip	f218e62aca8272d431ba3b0aad917265	https://github.com/malariagen/pipelines/releases/tag/Ag3.0
AR0073-Cx	https://vo_agam_output.cog.sanger.ac.uk/AR0073-Cx.bam	428de55b498360b9d099d556590e3de7	https://vo_agam_output.cog.sanger.ac.uk/AR0073-Cx.vcf.gz	9a681e52455c6060d213c7241d99d2b3	https://vo_agam_output.cog.sanger.ac.uk/AR0073-Cx.gatk.zarr.zip	1cb77942fdee7538c78c5892d32fbc53	https://github.com/malariagen/pipelines/releases/tag/Ag3.0
AR0073-Cx	https://vo_agam_output.cog.sanger.ac.uk/AR0073-Cx.bam	428de55b498360b9d099d556590e3de7	https://vo_agam_output.cog.sanger.ac.uk/AR0073-Cx.vcf.gz	9a681e52455c6060d213c7241d99d2b3	https://vo_agam_output.cog.sanger.ac.uk/AR0073-Cx.gatk.zarr.zip	1cb77942fdee7538c78c5892d32fbc53	https://github.com/malariagen/pipelines/releases/tag/Ag3.0
AR0074-C	https://vo_agam_output.cog.sanger.ac.uk/AR0074-C.bam	0bfb9626fca3f49d8a0d3561d9da0766	https://vo_agam_output.cog.sanger.ac.uk/AR0074-C.vcf.gz	029366842b30fb70e8b47f45a156e6f3	https://vo_agam_output.cog.sanger.ac.uk/AR0074-C.gatk.zarr.zip	6137fcce3cf822f1165696b7604b6322	https://github.com/malariagen/pipelines/releases/tag/Ag3.0
AR0075-C	https://vo_agam_output.cog.sanger.ac.uk/AR0075-C.bam	121cb4b05e92d16dcfce768b937f393d	https://vo_agam_output.cog.sanger.ac.uk/AR0075-C.vcf.gz	98ad19e37be5bb8bc8a0b6217c13ba87	https://vo_agam_output.cog.sanger.ac.uk/AR0075-C.gatk.zarr.zip	28331e00d674657a3e7552d19a6c8660	https://github.com/malariagen/pipelines/releases/tag/Ag3.0
AR0075-Cx	https://vo_agam_output.cog.sanger.ac.uk/AR0075-Cx.bam	43ff05b0688fc3ce7c4b98c5ca1ed75f	https://vo_agam_output.cog.sanger.ac.uk/AR0075-Cx.vcf.gz	1a83cf892dcd482470fd469b4eab48c5	https://vo_agam_output.cog.sanger.ac.uk/AR0075-Cx.gatk.zarr.zip	a305307668c7a0c612d01eafc3f6fe70	https://github.com/malariagen/pipelines/releases/tag/Ag3.0
AR0075-Cx	https://vo_agam_output.cog.sanger.ac.uk/AR0075-Cx.bam	43ff05b0688fc3ce7c4b98c5ca1ed75f	https://vo_agam_output.cog.sanger.ac.uk/AR0075-Cx.vcf.gz	1a83cf892dcd482470fd469b4eab48c5	https://vo_agam_output.cog.sanger.ac.uk/AR0075-Cx.gatk.zarr.zip	a305307668c7a0c612d01eafc3f6fe70	https://github.com/malariagen/pipelines/releases/tag/Ag3.0
AR0076-C	https://vo_agam_output.cog.sanger.ac.uk/AR0076-C.bam	0320ea12a74a5a6c3f1de331bfccfc2d	https://vo_agam_output.cog.sanger.ac.uk/AR0076-C.vcf.gz	db3a7701becef1cd940c2e123092fe72	https://vo_agam_output.cog.sanger.ac.uk/AR0076-C.gatk.zarr.zip	77669e5cc6b9841827bd35831bc461c8	https://github.com/malariagen/pipelines/releases/tag/Ag3.0
AR0077-C	https://vo_agam_output.cog.sanger.ac.uk/AR0077-C.bam	9bedc05b5cb6c69ca4ac3de75e39a5c9	https://vo_agam_output.cog.sanger.ac.uk/AR0077-C.vcf.gz	06674815baba737d131e815bcbf6cc5e	https://vo_agam_output.cog.sanger.ac.uk/AR0077-C.gatk.zarr.zip	8f14fe86c7f3f701c7986853787fd98f	https://github.com/malariagen/pipelines/releases/tag/Ag3.0
AR0078-C	https://vo_agam_output.cog.sanger.ac.uk/AR0078-C.bam	846dcd10e24b384554f32fdb528f8ca1	https://vo_agam_output.cog.sanger.ac.uk/AR0078-C.vcf.gz	5ae280c8d88b455c06c1f3862d214fe8	https://vo_agam_output.cog.sanger.ac.uk/AR0078-C.gatk.zarr.zip	dcae9aade7413d1e81cec192c1bcd8aa	https://github.com/malariagen/pipelines/releases/tag/Ag3.0
AR0079-C	https://vo_agam_output.cog.sanger.ac.uk/AR0079-C.bam	ef5f83fc14930de5299d41ff92487d35	https://vo_agam_output.cog.sanger.ac.uk/AR0079-C.vcf.gz	798d0e32d49298b7f9bc60cd001ca0c3	https://vo_agam_output.cog.sanger.ac.uk/AR0079-C.gatk.zarr.zip	37b80dfc69edb2728436a0dc554f949b	https://github.com/malariagen/pipelines/releases/tag/Ag3.0
AR0079-Cx	https://vo_agam_output.cog.sanger.ac.uk/AR0079-Cx.bam	f38799866feea29432cfef8990b49a07	https://vo_agam_output.cog.sanger.ac.uk/AR0079-Cx.vcf.gz	dffdcd04c4c2ea1f6449794b37ee2379	https://vo_agam_output.cog.sanger.ac.uk/AR0079-Cx.gatk.zarr.zip	0211a753e115e2fbe85731e51e44e9f6	https://github.com/malariagen/pipelines/releases/tag/Ag3.0
AR0079-Cx	https://vo_agam_output.cog.sanger.ac.uk/AR0079-Cx.bam	f38799866feea29432cfef8990b49a07	https://vo_agam_output.cog.sanger.ac.uk/AR0079-Cx.vcf.gz	dffdcd04c4c2ea1f6449794b37ee2379	https://vo_agam_output.cog.sanger.ac.uk/AR0079-Cx.gatk.zarr.zip	0211a753e115e2fbe85731e51e44e9f6	https://github.com/malariagen/pipelines/releases/tag/Ag3.0
AR0080-C	https://vo_agam_output.cog.sanger.ac.uk/AR0080-C.bam	b96ba5b2db1c4a7116bef0d5516931a7	https://vo_agam_output.cog.sanger.ac.uk/AR0080-C.vcf.gz	94ac7e79db9b0b1e1a06c7aac910d5b9	https://vo_agam_output.cog.sanger.ac.uk/AR0080-C.gatk.zarr.zip	14c25c388e8394f2eb64c4d798fd2d07	https://github.com/malariagen/pipelines/releases/tag/Ag3.0
AR0081-C	https://vo_agam_output.cog.sanger.ac.uk/AR0081-C.bam	949494924c0704401016d3419d2de1b3	https://vo_agam_output.cog.sanger.ac.uk/AR0081-C.vcf.gz	0dd7b41ef5803e23051b8c30cc0edf5d	https://vo_agam_output.cog.sanger.ac.uk/AR0081-C.gatk.zarr.zip	9759a3dc3cc2b243397b5b5d28484ffe	https://github.com/malariagen/pipelines/releases/tag/Ag3.0
AR0081-Cx	https://vo_agam_output.cog.sanger.ac.uk/AR0081-Cx.bam	3bc94bfc1ea852a8582a3a2b178ef2e0	https://vo_agam_output.cog.sanger.ac.uk/AR0081-Cx.vcf.gz	89f5834761a0f0adb15d6788eb2ae37e	https://vo_agam_output.cog.sanger.ac.uk/AR0081-Cx.gatk.zarr.zip	d7b6070a2c16f5fe1f3f2eb1b840a59b	https://github.com/malariagen/pipelines/releases/tag/Ag3.0
AR0081-Cx	https://vo_agam_output.cog.sanger.ac.uk/AR0081-Cx.bam	3bc94bfc1ea852a8582a3a2b178ef2e0	https://vo_agam_output.cog.sanger.ac.uk/AR0081-Cx.vcf.gz	89f5834761a0f0adb15d6788eb2ae37e	https://vo_agam_output.cog.sanger.ac.uk/AR0081-Cx.gatk.zarr.zip	d7b6070a2c16f5fe1f3f2eb1b840a59b	https://github.com/malariagen/pipelines/releases/tag/Ag3.0
AR0082-C	https://vo_agam_output.cog.sanger.ac.uk/AR0082-C.bam	54c8e74223a529cbcf74d8db3eafdfc1	https://vo_agam_output.cog.sanger.ac.uk/AR0082-C.vcf.gz	587df0b593f8a27b1c40c7302cd1caef	https://vo_agam_output.cog.sanger.ac.uk/AR0082-C.gatk.zarr.zip	7fb48188009746a2830410f392a22784	https://github.com/malariagen/pipelines/releases/tag/Ag3.0
AR0082-Cx	https://vo_agam_output.cog.sanger.ac.uk/AR0082-Cx.bam	4fff4cbc50af778a3604773954fdd883	https://vo_agam_output.cog.sanger.ac.uk/AR0082-Cx.vcf.gz	9cda318e3e99a239c67194d50e5306e8	https://vo_agam_output.cog.sanger.ac.uk/AR0082-Cx.gatk.zarr.zip	3d38b9ea46f9503b55de39c558f8f8f9	https://github.com/malariagen/pipelines/releases/tag/Ag3.0
AR0082-Cx	https://vo_agam_output.cog.sanger.ac.uk/AR0082-Cx.bam	4fff4cbc50af778a3604773954fdd883	https://vo_agam_output.cog.sanger.ac.uk/AR0082-Cx.vcf.gz	9cda318e3e99a239c67194d50e5306e8	https://vo_agam_output.cog.sanger.ac.uk/AR0082-Cx.gatk.zarr.zip	3d38b9ea46f9503b55de39c558f8f8f9	https://github.com/malariagen/pipelines/releases/tag/Ag3.0
AR0083-C	https://vo_agam_output.cog.sanger.ac.uk/AR0083-C.bam	b38dcb0c8776ec834c05af7757fe7d3d	https://vo_agam_output.cog.sanger.ac.uk/AR0083-C.vcf.gz	c07615738803927b6312984682003dd2	https://vo_agam_output.cog.sanger.ac.uk/AR0083-C.gatk.zarr.zip	b54ece2573c9d99784c249755c6eec72	https://github.com/malariagen/pipelines/releases/tag/Ag3.0
AR0083-Cx	https://vo_agam_output.cog.sanger.ac.uk/AR0083-Cx.bam	f9f86b166759b3cfde80c684c1f397f7	https://vo_agam_output.cog.sanger.ac.uk/AR0083-Cx.vcf.gz	c5335dd0282cb168d0a6da0ff20d3b55	https://vo_agam_output.cog.sanger.ac.uk/AR0083-Cx.gatk.zarr.zip	757a047a706d9658161c18312dd72989	https://github.com/malariagen/pipelines/releases/tag/Ag3.0
AR0083-Cx	https://vo_agam_output.cog.sanger.ac.uk/AR0083-Cx.bam	f9f86b166759b3cfde80c684c1f397f7	https://vo_agam_output.cog.sanger.ac.uk/AR0083-Cx.vcf.gz	c5335dd0282cb168d0a6da0ff20d3b55	https://vo_agam_output.cog.sanger.ac.uk/AR0083-Cx.gatk.zarr.zip	757a047a706d9658161c18312dd72989	https://github.com/malariagen/pipelines/releases/tag/Ag3.0
AR0084-C	https://vo_agam_output.cog.sanger.ac.uk/AR0084-C.bam	1835c85df512168cf4c4fb8dc4dfebc3	https://vo_agam_output.cog.sanger.ac.uk/AR0084-C.vcf.gz	cd9272a72e1fe9c5f8e2f428d50e8393	https://vo_agam_output.cog.sanger.ac.uk/AR0084-C.gatk.zarr.zip	fa6b7aa90bf923c12c7e242317ea0afc	https://github.com/malariagen/pipelines/releases/tag/Ag3.0
AR0085-C	https://vo_agam_output.cog.sanger.ac.uk/AR0085-C.bam	bdd6f36b8858325fa538c03474aa5d25	https://vo_agam_output.cog.sanger.ac.uk/AR0085-C.vcf.gz	354d78c15025fc1916ac5f125e7357f8	https://vo_agam_output.cog.sanger.ac.uk/AR0085-C.gatk.zarr.zip	e2e7da59a5f0c2cc4856cbf63382091c	https://github.com/malariagen/pipelines/releases/tag/Ag3.0
AR0085-Cx	https://vo_agam_output.cog.sanger.ac.uk/AR0085-Cx.bam	9975c096fce37cf1155fac853c76fe35	https://vo_agam_output.cog.sanger.ac.uk/AR0085-Cx.vcf.gz	8a42e7c7cccd91337a560b801724df05	https://vo_agam_output.cog.sanger.ac.uk/AR0085-Cx.gatk.zarr.zip	1544753c87b13a509aae6dea34372a0e	https://github.com/malariagen/pipelines/releases/tag/Ag3.0
AR0085-Cx	https://vo_agam_output.cog.sanger.ac.uk/AR0085-Cx.bam	9975c096fce37cf1155fac853c76fe35	https://vo_agam_output.cog.sanger.ac.uk/AR0085-Cx.vcf.gz	8a42e7c7cccd91337a560b801724df05	https://vo_agam_output.cog.sanger.ac.uk/AR0085-Cx.gatk.zarr.zip	1544753c87b13a509aae6dea34372a0e	https://github.com/malariagen/pipelines/releases/tag/Ag3.0
AR0086-C	https://vo_agam_output.cog.sanger.ac.uk/AR0086-C.bam	18b7fb517ffafdeaa266d6cbaf2c896e	https://vo_agam_output.cog.sanger.ac.uk/AR0086-C.vcf.gz	e1c419b1996a524e66e109d8617b0ef5	https://vo_agam_output.cog.sanger.ac.uk/AR0086-C.gatk.zarr.zip	d61843e28acc0193ff44e903244a62a5	https://github.com/malariagen/pipelines/releases/tag/Ag3.0
AR0087-C	https://vo_agam_output.cog.sanger.ac.uk/AR0087-C.bam	5941873ef551eb2e3bccc9f1539f0dd7	https://vo_agam_output.cog.sanger.ac.uk/AR0087-C.vcf.gz	512aaf9ad6a92e7362d719cf4a04b194	https://vo_agam_output.cog.sanger.ac.uk/AR0087-C.gatk.zarr.zip	a65f9d8329a3f94ac65a19d95ebdb16d	https://github.com/malariagen/pipelines/releases/tag/Ag3.0
AR0088-C	https://vo_agam_output.cog.sanger.ac.uk/AR0088-C.bam	4f581d1d4793b7291d7a3829aefafa6b	https://vo_agam_output.cog.sanger.ac.uk/AR0088-C.vcf.gz	b5ade33493062c2a848965bf917844eb	https://vo_agam_output.cog.sanger.ac.uk/AR0088-C.gatk.zarr.zip	8a20cb1a24d7ea1e1f2d7b3e3cfc3327	https://github.com/malariagen/pipelines/releases/tag/Ag3.0
AR0088-Cx	https://vo_agam_output.cog.sanger.ac.uk/AR0088-Cx.bam	41d90c1bbf3c3b26e43f8dc5be4ec451	https://vo_agam_output.cog.sanger.ac.uk/AR0088-Cx.vcf.gz	ebe1c304da73a8d79ba8cecc018e4456	https://vo_agam_output.cog.sanger.ac.uk/AR0088-Cx.gatk.zarr.zip	fc56b66721fec1b0bd75e3807df41ce9	https://github.com/malariagen/pipelines/releases/tag/Ag3.0
AR0088-Cx	https://vo_agam_output.cog.sanger.ac.uk/AR0088-Cx.bam	41d90c1bbf3c3b26e43f8dc5be4ec451	https://vo_agam_output.cog.sanger.ac.uk/AR0088-Cx.vcf.gz	ebe1c304da73a8d79ba8cecc018e4456	https://vo_agam_output.cog.sanger.ac.uk/AR0088-Cx.gatk.zarr.zip	fc56b66721fec1b0bd75e3807df41ce9	https://github.com/malariagen/pipelines/releases/tag/Ag3.0
AR0089-C	https://vo_agam_output.cog.sanger.ac.uk/AR0089-C.bam	ff5c7296cb92ff83e592ef8d6f792a47	https://vo_agam_output.cog.sanger.ac.uk/AR0089-C.vcf.gz	65d96a9e4d3792022d938ae4343e0af8	https://vo_agam_output.cog.sanger.ac.uk/AR0089-C.gatk.zarr.zip	051e91962974a1e1c0f38fa842d0f9d7	https://github.com/malariagen/pipelines/releases/tag/Ag3.0
AR0089-Cx	https://vo_agam_output.cog.sanger.ac.uk/AR0089-Cx.bam	97fe31345b3a24cc4dfad08b8c7725e5	https://vo_agam_output.cog.sanger.ac.uk/AR0089-Cx.vcf.gz	9ea85aaadabc928d8ae4c9b535fdb0da	https://vo_agam_output.cog.sanger.ac.uk/AR0089-Cx.gatk.zarr.zip	9592e3afb2a0cbbf76ef2b6bfa6b6472	https://github.com/malariagen/pipelines/releases/tag/Ag3.0
AR0089-Cx	https://vo_agam_output.cog.sanger.ac.uk/AR0089-Cx.bam	97fe31345b3a24cc4dfad08b8c7725e5	https://vo_agam_output.cog.sanger.ac.uk/AR0089-Cx.vcf.gz	9ea85aaadabc928d8ae4c9b535fdb0da	https://vo_agam_output.cog.sanger.ac.uk/AR0089-Cx.gatk.zarr.zip	9592e3afb2a0cbbf76ef2b6bfa6b6472	https://github.com/malariagen/pipelines/releases/tag/Ag3.0
AR0090-C	https://vo_agam_output.cog.sanger.ac.uk/AR0090-C.bam	8c8761aaf75ec1f1520ac897a3acbec2	https://vo_agam_output.cog.sanger.ac.uk/AR0090-C.vcf.gz	57bf89d7bf5980febae3c32c93e942a3	https://vo_agam_output.cog.sanger.ac.uk/AR0090-C.gatk.zarr.zip	48a246a15dc07e06836de42b7c75b989	https://github.com/malariagen/pipelines/releases/tag/Ag3.0
AR0090-Cx	https://vo_agam_output.cog.sanger.ac.uk/AR0090-Cx.bam	55b5af66ad8704337696a7871ef2206b	https://vo_agam_output.cog.sanger.ac.uk/AR0090-Cx.vcf.gz	02157eeed20600ccfa33b429cb36ce67	https://vo_agam_output.cog.sanger.ac.uk/AR0090-Cx.gatk.zarr.zip	da519fe1ee6b710bf65e73d0fd75cbb7	https://github.com/malariagen/pipelines/releases/tag/Ag3.0
AR0090-Cx	https://vo_agam_output.cog.sanger.ac.uk/AR0090-Cx.bam	55b5af66ad8704337696a7871ef2206b	https://vo_agam_output.cog.sanger.ac.uk/AR0090-Cx.vcf.gz	02157eeed20600ccfa33b429cb36ce67	https://vo_agam_output.cog.sanger.ac.uk/AR0090-Cx.gatk.zarr.zip	da519fe1ee6b710bf65e73d0fd75cbb7	https://github.com/malariagen/pipelines/releases/tag/Ag3.0
AR0091-C	https://vo_agam_output.cog.sanger.ac.uk/AR0091-C.bam	87fcb62438258d9aadc1ea555bb80bbd	https://vo_agam_output.cog.sanger.ac.uk/AR0091-C.vcf.gz	ef1e2e50c36dc964fd286afc0e492757	https://vo_agam_output.cog.sanger.ac.uk/AR0091-C.gatk.zarr.zip	e5ab606c5ff62aa90dca01cd3c76a104	https://github.com/malariagen/pipelines/releases/tag/Ag3.0
AR0092-C	https://vo_agam_output.cog.sanger.ac.uk/AR0092-C.bam	6d92b6e46c8d22bbb86e634ec4fee992	https://vo_agam_output.cog.sanger.ac.uk/AR0092-C.vcf.gz	bd138a28507265a693795d2e3810d7d0	https://vo_agam_output.cog.sanger.ac.uk/AR0092-C.gatk.zarr.zip	6945da0336b0ac8716f8d168b520be6b	https://github.com/malariagen/pipelines/releases/tag/Ag3.0
AR0093-C	https://vo_agam_output.cog.sanger.ac.uk/AR0093-C.bam	8fd48e2017c31db228de73de9593c5bc	https://vo_agam_output.cog.sanger.ac.uk/AR0093-C.vcf.gz	092ff5b323ad2f1543ae7f2bb5cf0f4a	https://vo_agam_output.cog.sanger.ac.uk/AR0093-C.gatk.zarr.zip	0ce4435aeb6bd4b52e17355e861878e3	https://github.com/malariagen/pipelines/releases/tag/Ag3.0
AR0093-Cx	https://vo_agam_output.cog.sanger.ac.uk/AR0093-Cx.bam	1c7c33d4e864829e4306683aca2f8196	https://vo_agam_output.cog.sanger.ac.uk/AR0093-Cx.vcf.gz	43eb79c6592003e0c2bb94ab3a25ce3a	https://vo_agam_output.cog.sanger.ac.uk/AR0093-Cx.gatk.zarr.zip	1b875412b9b09f773abd75bb0067f44f	https://github.com/malariagen/pipelines/releases/tag/Ag3.0
AR0093-Cx	https://vo_agam_output.cog.sanger.ac.uk/AR0093-Cx.bam	1c7c33d4e864829e4306683aca2f8196	https://vo_agam_output.cog.sanger.ac.uk/AR0093-Cx.vcf.gz	43eb79c6592003e0c2bb94ab3a25ce3a	https://vo_agam_output.cog.sanger.ac.uk/AR0093-Cx.gatk.zarr.zip	1b875412b9b09f773abd75bb0067f44f	https://github.com/malariagen/pipelines/releases/tag/Ag3.0
AR0094-C	https://vo_agam_output.cog.sanger.ac.uk/AR0094-C.bam	ce9dc28b801840ae24a6c11db8660c18	https://vo_agam_output.cog.sanger.ac.uk/AR0094-C.vcf.gz	b6de65aa1b3146918217b5a61511dd1d	https://vo_agam_output.cog.sanger.ac.uk/AR0094-C.gatk.zarr.zip	f2d9e1f0eabda04fae20e13b3dff460c	https://github.com/malariagen/pipelines/releases/tag/Ag3.0
AR0095-C	https://vo_agam_output.cog.sanger.ac.uk/AR0095-C.bam	12cbf8a8b02bcb055454945e6f35b1e6	https://vo_agam_output.cog.sanger.ac.uk/AR0095-C.vcf.gz	52a7cf8265a23ddbc84a76329e340bc0	https://vo_agam_output.cog.sanger.ac.uk/AR0095-C.gatk.zarr.zip	6cdb5e6cd535819a5f62be17a92999cf	https://github.com/malariagen/pipelines/releases/tag/Ag3.0
AR0096-C	https://vo_agam_output.cog.sanger.ac.uk/AR0096-C.bam	5dc4109dc2bd050d21d5eb2893b211a5	https://vo_agam_output.cog.sanger.ac.uk/AR0096-C.vcf.gz	ad65e44ff15aebfc92bbb855a4c1fecd	https://vo_agam_output.cog.sanger.ac.uk/AR0096-C.gatk.zarr.zip	32a2553af9bccee1adb622baad05fd47	https://github.com/malariagen/pipelines/releases/tag/Ag3.0
AR0096-Cx	https://vo_agam_output.cog.sanger.ac.uk/AR0096-Cx.bam	28b6d7757688e553603c5d96d5cedbb5	https://vo_agam_output.cog.sanger.ac.uk/AR0096-Cx.vcf.gz	6c7e010eb0ea976d78cf56f1fa3f345e	https://vo_agam_output.cog.sanger.ac.uk/AR0096-Cx.gatk.zarr.zip	963c29a3b9f8c53e0cf4255056d07da0	https://github.com/malariagen/pipelines/releases/tag/Ag3.0
AR0096-Cx	https://vo_agam_output.cog.sanger.ac.uk/AR0096-Cx.bam	28b6d7757688e553603c5d96d5cedbb5	https://vo_agam_output.cog.sanger.ac.uk/AR0096-Cx.vcf.gz	6c7e010eb0ea976d78cf56f1fa3f345e	https://vo_agam_output.cog.sanger.ac.uk/AR0096-Cx.gatk.zarr.zip	963c29a3b9f8c53e0cf4255056d07da0	https://github.com/malariagen/pipelines/releases/tag/Ag3.0
AR0097-C	https://vo_agam_output.cog.sanger.ac.uk/AR0097-C.bam	c23f8bafc6120298187a813aae0f00cf	https://vo_agam_output.cog.sanger.ac.uk/AR0097-C.vcf.gz	2c0a869ea0f7b072f92331ac66a5a9bd	https://vo_agam_output.cog.sanger.ac.uk/AR0097-C.gatk.zarr.zip	40c861f3c1fffba8de68dfcead03d9bf	https://github.com/malariagen/pipelines/releases/tag/Ag3.0
AR0098-C	https://vo_agam_output.cog.sanger.ac.uk/AR0098-C.bam	b7a35bbfefc7812e0109d41957451169	https://vo_agam_output.cog.sanger.ac.uk/AR0098-C.vcf.gz	3ced26e2b38503195637749cd4fce07a	https://vo_agam_output.cog.sanger.ac.uk/AR0098-C.gatk.zarr.zip	b1caf2442ade7279e229175feb70ff08	https://github.com/malariagen/pipelines/releases/tag/Ag3.0
AR0099-C	https://vo_agam_output.cog.sanger.ac.uk/AR0099-C.bam	2818315a1eacda6f0f0419999b7538cf	https://vo_agam_output.cog.sanger.ac.uk/AR0099-C.vcf.gz	8373de37f9fe1131a05e0794627825c0	https://vo_agam_output.cog.sanger.ac.uk/AR0099-C.gatk.zarr.zip	8e83b9034c62b7d83f2d335b823dcafd	https://github.com/malariagen/pipelines/releases/tag/Ag3.0
AR0100-C	https://vo_agam_output.cog.sanger.ac.uk/AR0100-C.bam	3a48d6d91c316b0e9e34adf0b181cfa2	https://vo_agam_output.cog.sanger.ac.uk/AR0100-C.vcf.gz	d45fb6335ffb7fb853548b08a55d321d	https://vo_agam_output.cog.sanger.ac.uk/AR0100-C.gatk.zarr.zip	2ed294ad4a9338bec907fd02538e968e	https://github.com/malariagen/pipelines/releases/tag/Ag3.0
